x0000,y0000,x0001,y0001,x0002,y0002
0,789.8842163,0,407.7129517,0,0,
1,808.1275635,1,394.9740906,1,0,
2,769.4486084,2,400.1011047,2,0,
3,702.7393799,3,392.960022,3,0,
4,677.619873,4,406.0729065,4,0,
5,705.4052734,5,411.4823608,5,0,
6,687.7993164,6,428.3764038,6,0,
7,635.9636841,7,373.2705688,7,0,
8,577.5281982,8,400.6164246,8,0,
9,572.2225342,9,396.1646729,9,0,
10,553.3584595,10,405.8140869,10,0,
11,530.3362427,11,383.8164062,11,0,
12,514.078186,12,410.6540527,12,0,
13,526.4393311,13,396.0493469,13,0,
14,517.486145,14,425.1505432,14,0,
15,500.6592102,15,409.8729553,15,0,
16,511.6286011,16,439.2870789,16,0,
17,739.9467163,17,413.4164429,17,559.5873413,
18,739.350647,18,404.8681946,18,0,
19,686.7967529,19,410.0423279,19,0,
20,640.2221069,20,393.6353149,20,0,
21,639.8116455,21,412.1669922,21,0,
22,557.6897583,22,402.1788025,22,0,
23,549.6376343,23,399.6588135,23,0,
24,632.3198853,24,422.5340576,24,54.32889938,
25,937.5622559,25,422.5482483,25,1142.506104,
26,1150.014893,26,457.1599121,26,49.7473259,
27,1077.598022,27,439.6470337,27,0,
28,942.3651733,28,401.6753235,28,0,
29,858.9451904,29,408.9741211,29,0,
30,829.531189,30,375.3811035,30,0,
31,703.3339844,31,385.658783,31,0,
32,693.753418,32,413.6022949,32,0,
33,657.0169678,33,409.5975952,33,0,
34,608.2068481,34,398.162384,34,0,
35,605.2171021,35,378.6776123,35,0,
36,579.3075562,36,380.6869812,36,0,
37,586.8182373,37,399.162323,37,0,
38,579.8895874,38,384.1576843,38,0,
39,537.0135498,39,384.5740662,39,0,
40,533.2797852,40,393.6682434,40,0,
41,515.880127,41,385.8658447,41,0,
42,505.0488281,42,385.7176514,42,0,
43,499.5097351,43,383.1552734,43,0,
44,514.480835,44,389.7740784,44,0,
45,507.5343628,45,376.2258911,45,0,
46,465.8812866,46,389.8894348,46,0,
47,520.6083374,47,387.7929382,47,0,
48,596.3710327,48,430.9104919,48,0,
49,580.7667847,49,409.7364502,49,0,
50,561.7040405,50,384.9246826,50,0,
51,536.2737427,51,444.6541443,51,0,
52,503.5122375,52,375.8564453,52,0,
53,508.9797974,53,395.6988525,53,0,
54,495.1593628,54,404.0281982,54,0,
55,492.2432251,55,408.1387939,55,0,
56,478.0122681,56,392.6022644,56,0,
57,477.3744202,57,412.4470215,57,0,
58,479.1896057,58,396.9458313,58,0,
59,473.5447693,59,386.0212097,59,0,
60,454.5987244,60,391.3364868,60,0,
61,435.2437744,61,391.1882324,61,0,
62,436.3489075,62,383.5787964,62,0,
63,485.3496704,63,385.788208,63,37.79362869,
64,734.0430298,64,398.2894287,64,876.9190674,
65,779.675415,65,398.3764038,65,234.3713684,
66,984.2210083,66,432.8094177,66,732.496582,
67,1125.5979,67,441.1200256,67,347.9596558,
68,978.1978149,68,409.0823669,68,0,
69,888.6870728,69,419.1764832,69,0,
70,980.4993896,70,409.2588501,70,217.7599182,
71,976.809082,71,423.4000244,71,79.6540451,
72,1147.379272,72,441.5834961,72,615.3716431,
73,1145.022949,73,411.943512,73,0,
74,1183.139038,74,414.1694031,74,0,
75,1083.699829,75,431.0070496,75,0,
76,1043.769287,76,408.1999207,76,0,
77,953.1878052,77,419.8494873,77,0,
78,872.6713257,78,405.2352905,78,0,
79,795.9760132,79,381.7434387,79,0,
80,774.3339844,80,395.3647156,80,0,
81,732.8271484,81,390.5434875,81,0,
82,678.4439697,82,404.3082275,82,0,
83,623.5811768,83,395.4164429,83,0,
84,622.4954224,84,385.4187317,84,0,
85,579.9478149,85,392.1011353,85,0,
86,581.3289185,86,393.317627,86,0,
87,589.5726929,87,386.0941162,87,0,
88,571.2476196,88,392.3952332,88,0,
89,564.31073,89,381.4941406,89,0,
90,537.6629639,90,389.5952454,90,0,
91,590.6882935,91,409.9176331,91,0,
92,683.3510742,92,407.357666,92,129.1439209,
93,768.4260254,93,421.7341309,93,0,
94,744.0159912,94,402.0917358,94,0,
95,691.4272461,95,428.7506104,95,0,
96,604.3788452,96,407.9952698,96,0,
97,596.0649414,97,422.7411499,97,0,
98,566.048645,98,386.0258484,98,0,
99,558.5106201,99,394.3199768,99,0,
100,520.7426758,100,383.6729736,100,0,
101,471.7649231,101,386.9576416,101,0,
102,481.0744019,102,389.6682739,102,0,
103,502.9755554,103,407.0870361,103,0,
104,501.4896545,104,382.6611633,104,0,
105,487.0189209,105,395.3364258,105,0,
106,471.0861511,106,389.5622559,106,0,
107,484.4781799,107,367.6752319,107,0,
108,468.7055359,108,390.6517334,108,0,
109,446.5628967,109,384.8023682,109,0,
110,469.7590942,110,383.2424011,110,0,
111,459.6596985,111,380.6611328,111,0,
112,465.9731445,112,387.2422791,112,0,
113,462.2232056,113,385.1318054,113,0,
114,428.2726746,114,377.5011597,114,0,
115,445.6277466,115,385.8847046,115,0,
116,430.7880249,116,378.0846863,116,0,
117,413.0523376,117,362.1011658,117,0,
118,458.2329102,118,373.4635315,118,0,
119,431.3537598,119,391.3834839,119,0,
120,428.1779175,120,369.8658447,120,0,
121,425.8383789,121,404.7529297,121,0,
122,443.3293762,122,396.016449,122,0,
123,452.0971375,123,393.4494324,123,0,
124,433.4781799,124,405.9859314,124,0,
125,433.9648743,125,387.5058594,125,0,
126,435.6712646,126,383.6517639,126,0,
127,428.0133667,127,406.5223389,127,0,
128,433.6929321,128,385.1505432,128,0,
129,407.639801,129,415.6422729,129,0,
130,411.5730286,130,391.0281982,130,0,
131,410.6181946,131,389.1811523,131,0,
132,424.5982056,132,405.1246643,132,0,
133,419.0177002,133,414.6964417,133,0,
134,417.5990906,134,387.039978,134,0,
135,397.1152344,135,386.7364197,135,0,
136,396.6851196,136,394.5246277,136,0,
137,423.5820007,137,380.7905273,137,0,
138,406.1239624,138,401.0164795,138,0,
139,498.527832,139,382.2446594,139,188.4037933,
140,622.8167114,140,429.8305664,140,343.0105896,
141,674.9904175,141,444.7905884,141,42.12264633,
142,644.8775024,142,451.8634949,142,0,
143,592.0328979,143,438.8870239,143,0,
144,628.9899292,144,440.5764465,144,0,
145,665.7458496,145,429.8164368,145,0,
146,541.3910522,146,460.6164246,146,0,
147,554.6051025,147,435.463501,147,0,
148,549.3241577,148,403.7481995,148,0,
149,597.9140625,149,416.0023499,149,0,
150,575.9749756,150,422.0941162,150,0,
151,535.7161865,151,422.6494141,151,0,
152,519.6831055,152,391.2987976,152,0,
153,516.0335693,153,419.1293945,153,0,
154,473.6054993,154,400.2046509,154,0,
155,488.3175354,155,402.8564453,155,0,
156,441.261322,156,393.2117615,156,0,
157,450.1585999,157,388.3082275,157,0,
158,455.4458618,158,388.3294373,158,0,
159,468.6418762,159,396.7741089,159,0,
160,427.8141785,160,393.8258972,160,0,
161,448.9515381,161,409.559967,161,0,
162,606.2415771,162,409.6352539,162,409.1772766,
163,684.9532471,163,411.1788025,163,316.649231,
164,752.4091187,164,419.5952759,164,277.7824097,
165,845.3918457,165,408.7694092,165,433.7370911,
166,1045.227539,166,440.7482605,166,142.9355316,
167,964.3394165,167,421.910553,167,0,
168,926.3242188,168,421.5434875,168,0,
169,863.7119141,169,411.5976257,169,0,
170,754.050293,170,395.5976257,170,0,
171,728.8591919,171,404.0070496,171,0,
172,672.5767212,172,421.0846558,172,0,
173,621.036438,173,414.8046875,173,0,
174,607.2705688,174,404.0658569,174,0,
175,586.2880249,175,418.2023621,175,0,
176,568.6654053,176,419.2634888,176,0,
177,548.550293,177,398.0635376,177,0,
178,535.4971313,178,383.4470215,178,0,
179,532.3452759,179,401.8917847,179,0,
180,511.2396545,180,405.5623779,180,0,
181,500.7132874,181,409.1929626,181,0,
182,512.6416016,182,414.5929565,182,0,
183,528.6148071,183,413.7600098,183,0,
184,682.803833,184,423.3199768,184,369.9832153,
185,892.7657471,185,442.4446411,185,680.2359009,
186,910.8433228,186,435.1082153,186,0,
187,757.6567383,187,415.8823547,187,0,
188,750.0784302,188,419.7929077,188,0,
189,717.9425049,189,417.7600098,189,0,
190,752.5806274,190,416.4987793,190,59.44843292,
191,966.6459351,191,443.9011536,191,664.0286865,
192,953.6661987,192,420.9388428,192,0,
193,901.3403931,193,439.5881958,193,0,
194,799.7105713,194,430.6329041,194,0,
195,746.6257324,195,423.7646484,195,0,
196,771.8467407,196,440.1082458,196,0,
197,738.8745728,197,422.3435059,197,0,
198,772.7348633,198,437.6870728,198,65.55071259,
199,980.8796387,199,432.9646912,199,528.3237915,
200,938.7137451,200,440.3952942,200,0,
201,791.5705566,201,421.3222961,201,0,
202,754.3143921,202,411.7623291,202,0,
203,778.0527344,203,410.3952637,203,0,
204,778.3152466,204,425.5223694,204,0,
205,728.5471191,205,394.3199158,205,0,
206,671.8889771,206,417.0353394,206,0,
207,659.0135498,207,396.9623718,207,0,
208,604.3412476,208,415.2023926,208,0,
209,689.9504395,209,426.9035339,209,42.74429321,
210,922.3693237,210,404.4588013,210,949.8151245,
211,1089.300903,211,443.9199524,211,554.0229492,
212,1061.086304,212,445.6423645,212,0,
213,928.4382324,213,423.4494019,213,0,
214,1013.306335,214,478.9694519,214,24.94229889,
215,949.010437,215,453.6705017,215,0,
216,947.722229,216,429.2940674,216,0,
217,1003.061096,217,441.2963867,217,0,
218,881.8436279,218,442.4329224,218,0,
219,820.583313,219,410.3012085,219,0,
220,736.2064209,220,420.7553101,220,0,
221,733.09375,221,408.5999756,221,0,
222,698.5985107,222,410.8988342,222,0,
223,703.9265137,223,434.5293884,223,0,
224,691.2424927,224,437.0305176,224,0,
225,678.7294922,225,428.2094116,225,0,
226,666.5465698,226,457.1552124,226,0,
227,651.8143311,227,412.9434509,227,0,
228,583.647583,228,411.8846741,228,0,
229,588.597229,229,417.2988586,229,0,
230,544.8452759,230,408.7106018,230,0,
231,565.7589722,231,412.6846619,231,0,
232,543.124939,232,402.5411377,232,0,
233,530.7628174,233,403.9552917,233,0,
234,546.585083,234,408.7105713,234,0,
235,523.309021,235,401.8117371,235,0,
236,546.7597656,236,402.781189,236,0,
237,533.2102051,237,418.2634888,237,0,
238,583.4976196,238,417.950592,238,110.3509216,
239,587.4545898,239,417.3435364,239,45.17395401,
240,611.0662842,240,430.4705505,240,18.2474041,
241,613.2994385,241,410.0211487,241,0,
242,603.319397,242,416.0517578,242,0,
243,559.2265625,243,415.8234558,243,0,
244,552.4775391,244,399.9694214,244,0,
245,499.375885,245,433.4870605,245,0,
246,530.5727539,246,397.8611755,246,0,
247,518.2711792,247,406.7058411,247,0,
248,477.0661316,248,385.1929016,248,0,
249,454.5126648,249,391.1694031,249,0,
250,612.3807373,250,433.992981,250,279.9077759,
251,847.0372925,251,427.1553345,251,898.1101074,
252,890.4631348,252,422.7270508,252,260.6870422,
253,949.2716064,253,422.3764648,253,317.3829041,
254,1068.667114,254,441.7270203,254,257.4355469,
255,1211.880859,255,442.049469,255,0,
256,1076.24353,256,418.7647095,256,0,
257,918.1686401,257,432.8352356,257,0,
258,870.6810303,258,418.0305481,258,0,
259,821.4708862,259,421.3246765,259,0,
260,760.758728,260,392.0893555,260,0,
261,705.4649658,261,407.9929199,261,0,
262,709.8428955,262,393.7623291,262,0,
263,682.6569214,263,399.6070251,263,0,
264,623.1331787,264,399.8517151,264,0,
265,605.9420166,265,402.5765076,265,0,
266,588.1676636,266,385.9481812,266,0,
267,552.0357056,267,389.8822937,267,0,
268,530.2242432,268,396.3388062,268,0,
269,532.6937256,269,408.6823425,269,0,
270,517.8213501,270,402.2376099,270,0,
271,525.3200684,271,395.0235291,271,0,
272,516.5460205,272,396.6564636,272,0,
273,492.7109375,273,395.927124,273,0,
274,496.0340576,274,399.3317566,274,0,
275,663.0126343,275,443.9364319,275,226.0324402,
276,667.0026855,276,405.5152893,276,131.7933807,
277,637.9041138,277,403.7364502,277,0,
278,801.0735474,278,420.854126,278,566.8389282,
279,832.9312744,279,422.0941162,279,104.4998169,
280,746.3588867,280,405.3787537,280,0,
281,834.2507324,281,422.9623718,281,14.82851601,
282,784.1456299,282,410.8799744,282,0,
283,784.522644,283,413.1317749,283,0,
284,746.3505859,284,423.0470276,284,0,
285,753.3752441,285,452.1340942,285,0,
286,711.1488647,286,421.21875,286,0,
287,664.3903809,287,412.2257996,287,0,
288,616.9358521,288,424.5787354,288,0,
289,585.878479,289,426.9975586,289,0,
290,552.225708,290,402.8588562,290,0,
291,544.4454346,291,392.5176697,291,0,
292,554.5808716,292,410.9176331,292,0,
293,520.8703613,293,408.6282349,293,0,
294,507.1905823,294,401.1741638,294,0,
295,525.9367676,295,382.5011902,295,0,
296,474.1895447,296,385.9035034,296,0,
297,471.4968567,297,400.9176636,297,0,
298,517.7260132,298,407.3341064,298,0,
299,687.8925781,299,395.7646484,299,424.4306335,
300,690.8200684,300,407.7952576,300,0,
301,736.8405762,301,404.6376038,301,0,
302,656.5775757,302,420.788208,302,0,
303,621.4188232,303,410.4329224,303,0,
304,580.0541382,304,411.8259277,304,0,
305,611.5267944,305,398.6681519,305,0,
306,528.7801514,306,382.6282349,306,0,
307,512.5953979,307,379.7575378,307,0,
308,516.0352173,308,378.8634949,308,0,
309,503.2044373,309,368.2635193,309,0,
310,516.6955566,310,391.3128662,310,0,
311,483.5618896,311,400.2258911,311,0,
312,499.9408264,312,372.3905945,312,0,
313,434.048584,313,381.5105591,313,0,
314,472.1296387,314,389.4611816,314,0,
315,448.842804,315,380.0564575,315,0,
316,445.4247742,316,390.6846924,316,0,
317,439.8115845,317,392.1435242,317,0,
318,563.4505615,318,414.0800171,318,177.5344086,
319,802.2473145,319,415.9176331,319,620.3461914,
320,806.7822876,320,435.2235413,320,0,
321,836.9398193,321,423.6941223,321,0,
322,798.5831909,322,418.5388489,322,0,
323,724.5256958,323,404.8187256,323,0,
324,675.081543,324,395.2870483,324,0,
325,650.6854248,325,431.3552551,325,0,
326,608.8301392,326,402.5341187,326,0,
327,569.3352661,327,401.6634827,327,0,
328,559.6518555,328,378.2611084,328,0,
329,482.6374207,329,407.218811,329,0,
330,522.9508667,330,400.6234741,330,0,
331,478.798584,331,400.5341187,331,0,
332,476.0417175,332,385.8564453,332,0,
333,469.3281555,333,407.3058472,333,0,
334,456.2000732,334,390.8023071,334,0,
335,474.0068054,335,390.5341187,335,0,
336,461.7638855,336,403.4635315,336,0,
337,477.5662842,337,386.1176453,337,0,
338,451.1508179,338,385.0188293,338,0,
339,450.0575256,339,385.4353027,339,0,
340,441.0971069,340,399.1011658,340,0,
341,457.8121643,341,391.7293701,341,0,
342,435.6270752,342,381.7835388,342,0,
343,434.4888306,343,405.901123,343,0,
344,455.8519592,344,373.6188049,344,0,
345,416.2148132,345,384.4588013,345,0,
346,416.5863342,346,394.1576843,346,0,
347,423.6862793,347,371.1011963,347,0,
348,445.0144348,348,408.642334,348,0,
349,415.0950012,349,396.2658997,349,0,
350,414.4222717,350,386.6987915,350,0,
351,415.5329285,351,413.2658691,351,0,
352,418.1968994,352,398.0211487,352,0,
353,393.7659302,353,404.3905945,353,0,
354,424.6586609,354,415.5270081,354,0,
355,525.3093872,355,420.5105591,355,137.9330292,
356,820.4857178,356,427.8164368,356,466.7870789,
357,780.4816284,357,436.049408,357,0,
358,714.4042358,358,418.3034973,358,0,
359,639.5718384,359,416.4799805,359,0,
360,627.9433594,360,415.7365112,360,0,
361,606.4830322,361,448.9317627,361,0,
362,524.3311768,362,413.6306152,362,0,
363,523.6043701,363,417.4188538,363,0,
364,533.194397,364,414.0281982,364,0,
365,525.5042114,365,414.7128906,365,0,
366,493.7548218,366,403.5481873,366,0,
367,493.7926941,367,406.3152771,367,0,
368,482.4501038,368,381.0259094,368,0,
369,450.7557983,369,394.5435486,369,0,
370,454.4395752,370,395.9787903,370,0,
371,449.9347839,371,406.463501,371,0,
372,414.9262085,372,398.9905701,372,0,
373,441.5464478,373,395.1364746,373,0,
374,482.7410278,374,402.8352356,374,0,
375,450.3131104,375,399.1882629,375,0,
376,415.7203064,376,399.934082,376,0,
377,427.223114,377,400.74823,377,0,
378,427.5202942,378,394.0140686,378,0,
379,441.8688965,379,420.9929199,379,0,
380,426.7404175,380,396.5152588,380,0,
381,427.1331787,381,411.6517334,381,0,
382,449.0368042,382,411.0776367,382,0,
383,815.0324707,383,425.9435425,383,1146.971313,
384,1070.074341,384,434.2023315,384,984.8933105,
385,1220.185425,385,441.7951965,385,432.8918762,
386,1272.973389,386,438.3176575,386,0,
387,1251.482056,387,438.3223267,387,0,
388,1155.196289,388,432.3340454,388,0,
389,1034.505371,389,416.3505554,389,0,
390,960.0466309,390,413.4399109,390,0,
391,870.0198975,391,400.1317444,391,0,
392,785.2004395,392,406.162323,392,0,
393,773.196228,393,391.9881897,393,0,
394,718.3887939,394,410.9223022,394,0,
395,683.9169922,395,396.821167,395,0,
396,678.8439941,396,374.2658691,396,0,
397,643.9032593,397,407.9741211,397,0,
398,597.3456421,398,379.3152466,398,0,
399,576.876709,399,399.4447021,399,0,
400,572.852417,400,394.317627,400,0,
401,535.0134277,401,390.0093994,401,0,
402,542.022644,402,386.8023376,402,0,
403,522.3129883,403,392.5105896,403,0,
404,543.1651611,404,398.2446899,404,0,
405,506.6616211,405,400.284668,405,0,
406,532.6409912,406,372.4799805,406,0,
407,788.2593384,407,409.1528931,407,678.2332764,
408,989.6999512,408,418.2658386,408,785.5289917,
409,1065.049316,409,434.5647278,409,117.6220016,
410,1009.934753,410,424.4164429,410,0,
411,964.048584,411,421.5482178,411,0,
412,879.3950806,412,394.5364685,412,0,
413,807.4597778,413,414.3952942,413,0,
414,730.5059814,414,404.2399597,414,0,
415,703.2126465,415,412.3717651,415,0,
416,850.8777466,416,402.6211548,416,233.4125519,
417,1039.951538,417,423.8329773,417,0,
418,963.9470825,418,439.8046875,418,0,
419,842.9246216,419,415.4117737,419,0,
420,807.1349487,420,417.8940735,420,0,
421,720.0632324,421,420.3317261,421,0,
422,717.9395752,422,407.5435181,422,0,
423,662.4320068,423,398.065918,423,0,
424,644.4423828,424,384.9153137,424,0,
425,578.413269,425,384.9035339,425,0,
426,563.1387939,426,378.2117615,426,0,
427,541.9953003,427,411.6257935,427,0,
428,541.0079346,428,410.5340881,428,0,
429,511.5470886,429,391.3999329,429,0,
430,520.6569214,430,388.74823,430,0,
431,537.3441772,431,383.5505371,431,0,
432,492.9902954,432,398.3858643,432,0,
433,501.8865662,433,396.374115,433,0,
434,522.1538086,434,380.1575623,434,0,
435,487.7848206,435,379.1200256,435,0,
436,499.6445007,436,397.3576355,436,0,
437,459.0055237,437,388.642334,437,0,
438,464.6847534,438,406.9952393,438,0,
439,453.0114746,439,395.0140991,439,0,
440,472.3627625,440,396.7812195,440,0,
441,464.0720215,441,397.0376892,441,0,
442,472.5477905,442,405.3858337,442,0,
443,452.8831177,443,366.1929321,443,0,
444,457.8791809,444,389.3388367,444,0,
445,455.7616272,445,393.7505798,445,0,
446,449.2119446,446,390.430603,446,0,
447,422.2012024,447,396.8470459,447,0,
448,430.803833,448,388.357605,448,0,
449,436.817627,449,406.9694214,449,0,
450,456.0929565,450,394.0940552,450,0,
451,432.6734924,451,404.0164795,451,0,
452,425.141571,452,405.1199646,452,0,
453,443.4854431,453,424.708252,453,0,
454,436.6781006,454,395.5082092,454,0,
455,428.6695862,455,412.1552429,455,0,
456,676.963562,456,421.682373,456,648.5653687,
457,814.2084961,457,401.0446472,457,0,
458,732.4597168,458,401.5552673,458,0,
459,659.1427002,459,393.6799927,459,0,
460,620.7055054,460,391.7294006,460,0,
461,544.9884033,461,377.2823486,461,0,
462,526.2045898,462,392.8329468,462,0,
463,534.0355225,463,389.2047424,463,0,
464,493.6526794,464,397.828186,464,0,
465,485.6334229,465,398.1622925,465,0,
466,480.6965637,466,390.4940796,466,0,
467,472.8916931,467,383.9058533,467,0,
468,467.7888184,468,395.715271,468,0,
469,493.7652893,469,398.4705505,469,0,
470,460.151123,470,360.0847168,470,0,
471,450.9007263,471,395.2800293,471,0,
472,452.2045288,472,381.2893677,472,0,
473,524.6566772,473,412.2305298,473,12.5334034,
474,551.4768677,474,408.5740967,474,39.80924988,
475,511.5606384,475,424.0446777,475,0,
476,514.1578369,476,403.007019,476,0,
477,547.0632324,477,414.7246094,477,99.54244995,
478,665.3782349,478,412.1411743,478,1.538064599,
479,599.7217407,479,410.4400024,479,0,
480,581.3538818,480,409.4282227,480,0,
481,533.4210205,481,433.4635315,481,0,
482,504.7557678,482,394.1105652,482,0,
483,496.4854736,483,393.8211975,483,0,
484,489.3019104,484,367.8588257,484,0,
485,432.0953369,485,405.065918,485,0,
486,456.6456604,486,411.5952454,486,0,
487,464.6627502,487,388.0399475,487,0,
488,450.9286499,488,393.8705444,488,0,
489,435.8995361,489,397.1435242,489,0,
490,434.1373596,490,400.2352905,490,0,
491,424.5652771,491,389.0517883,491,0,
492,409.7918701,492,374.0917664,492,0,
493,432.8840942,493,376.3552246,493,0,
494,426.0698853,494,374.9505615,494,0,
495,429.2603455,495,404.4046631,495,0,
496,425.1807556,496,357.6235046,496,0,
497,500.1433411,497,394.2235107,497,114.0626221,
498,588.817627,498,399.1858826,498,223.8552094,
499,642.0401611,499,410.7246704,499,0,
500,633.7047729,500,447.7575989,500,0,
501,638.8530884,501,451.007019,501,0,
502,612.9020386,502,415.7434692,502,0,
503,582.8237915,503,408.4988403,503,0,
504,539.9732056,504,430.5035095,504,0,
505,530.7223511,505,428.3528748,505,0,
506,504.9642639,506,399.1058655,506,0,
507,487.5030823,507,393.1740723,507,0,
508,488.2424316,508,412.7788696,508,0,
509,453.9494324,509,405.0681763,509,0,
510,473.4819641,510,396.4658813,510,0,
511,468.731781,511,395.7034912,511,0,
512,463.4317932,512,384.1317444,512,0,
513,438.3118286,513,401.0023193,513,0,
514,464.1637878,514,406.3693848,514,0,
515,438.9715881,515,388.6282654,515,0,
516,444.407135,516,399.7105713,516,0,
517,439.0174255,517,389.8823242,517,0,
518,429.3084412,518,409.3106079,518,0,
519,429.597229,519,398.9693604,519,0,
520,470.7959595,520,439.8964539,520,0,
521,438.3311768,521,451.4823608,521,0,
522,427.8355103,522,410.3717041,522,0,
523,421.9923706,523,437.1811523,523,0,
524,443.9952087,524,447.6635132,524,0,
525,438.2279968,525,418.8823547,525,0,
526,436.6880188,526,398.374115,526,0,
527,404.9733887,527,424.4988403,527,0,
528,422.8435974,528,411.1482239,528,0,
529,447.6755676,529,408.7247009,529,0,
530,427.0454407,530,404.9082031,530,0,
531,437.7480469,531,414.9811707,531,0,
532,399.5614014,532,395.6752625,532,0,
533,441.393219,533,405.0258789,533,0,
534,433.9437866,534,402.9740906,534,0,
535,425.3806763,535,398.5153198,535,0,
536,414.9304199,536,398.3223572,536,0,
537,413.5065918,537,405.5670471,537,0,
538,442.6202087,538,380.4822693,538,0,
539,435.1541138,539,418.8117371,539,0,
540,502.8654785,540,415.2235413,540,125.2235794,
541,936.6152344,541,443.5106201,541,1504.331299,
542,1091.68689,542,449.0023804,542,657.9249268,
543,1255.633179,543,459.7011719,543,714.0806274,
544,1365.359741,544,447.7670898,544,614.1034546,
545,1436.127686,545,447.463623,545,418.0927429,
546,1434.960571,546,480.3294067,546,0,
547,1291.558838,547,441.4776306,547,0,
548,1232.441528,548,442.8494263,548,0,
549,1083.160645,549,407.9553223,549,0,
550,1139.444702,550,443.658844,550,0,
551,1349.440063,551,423.9293823,551,969.7965698,
552,1306.161987,552,419.9482117,552,70.94458008,
553,1303.580811,553,446.308197,553,46.31893158,
554,1190.47229,554,431.9952393,554,0,
555,1275.410767,555,435.4117432,555,389.6546631,
556,1342.067383,556,430.2352905,556,450.6073608,
557,1504.331299,557,469.9082031,557,652.3178711,
558,1462.557129,558,456.1859131,558,0,
559,1373.477173,559,416.9599609,559,0,
560,1234.21936,560,415.9035034,560,0,
561,1297.914062,561,406.2305298,561,0,
562,1348.772461,562,454.7623596,562,0,
563,1235.605835,563,447.5576477,563,0,
564,1171.301392,564,434.9976501,564,0,
565,1070.661011,565,427.6635437,565,0,
566,977.9558105,566,396.2635193,566,0,
567,886.154541,567,386.2940674,567,0,
568,848.3022461,568,425.8329163,568,0,
569,801.0324097,569,402.9882507,569,0,
570,760.7861328,570,412.1576538,570,0,
571,722.0197754,571,408.5035095,571,0,
572,667.3469238,572,391.9199524,572,0,
573,659.9348145,573,404.3999939,573,0,
574,622.5075073,574,418.1199951,574,0,
575,632.0601196,575,382.4046631,575,0,
576,617.2408447,576,393.1835327,576,0,
577,587.4440918,577,394.8706055,577,0,
578,575.8255005,578,390.5317688,578,0,
579,595.8441162,579,407.9082031,579,0,
580,575.2672729,580,397.9246826,580,0,
581,628.4777222,581,407.4988098,581,0,
582,769.1107178,582,419.2211609,582,205.1998444,
583,760.128479,583,418.7105713,583,0,
584,684.5906372,584,422.6070862,584,0,
585,656.2443848,585,409.8234863,585,0,
586,603.4541016,586,388.4705505,586,0,
587,551.555481,587,400.7340698,587,0,
588,557.065979,588,413.8211365,588,0,
589,533.0437012,589,413.0964966,589,0,
590,534.6311646,590,392.0611572,590,0,
591,496.6881714,591,402.6470032,591,0,
592,642.9819336,592,418.2047119,592,242.0157471,
593,853.171875,593,423.324707,593,789.8336792,
594,922.1532593,594,460.3435059,594,250.3786926,
595,1140.846069,595,443.3693848,595,513.3601074,
596,1107.467285,596,434.9787903,596,0,
597,991.4389038,597,392.5788269,597,0,
598,902.9856567,598,419.5105591,598,0,
599,833.0891113,599,401.1811829,599,0,
600,762.2498169,600,419.0941162,600,0,
601,732.4749756,601,402.7481689,601,0,
602,671.7451172,602,416.6469727,602,0,
603,616.4885254,603,390.8964233,603,0,
604,697.3947754,604,400.0870361,604,0,
605,761.9111328,605,404.2799683,605,0,
606,684.5546265,606,404.0093689,606,0,
607,666.3125,607,398.6682129,607,0,
608,676.6598511,608,428.8493958,608,0,
609,653.6352539,609,400.8587952,609,0.6264621019,
610,641.7398682,610,401.665863,610,4.609754562,
611,645.772644,611,397.0540771,611,15.22065353,
612,672.6459351,612,411.9294434,612,0,
613,589.3372192,613,409.7858276,613,0,
614,571.0938721,614,384.2070618,614,0,
615,651.4840088,615,416.0352783,615,0,
616,653.6054688,616,404.4635315,616,0,
617,632.7865601,617,422.447113,617,0,
618,569.651123,618,396.5505981,618,0,
619,558.0060425,619,400.9364929,619,0,
620,518.2265625,620,393.0540771,620,0,
621,504.8190308,621,399.2564697,621,0,
622,516.5974121,622,382.4706116,622,0,
623,525.5904541,623,411.3999634,623,0,
624,454.7728577,624,404.6728821,624,0,
625,466.9618835,625,408.6305847,625,0,
626,486.7237854,626,417.1835022,626,0,
627,465.0298462,627,395.5788269,627,0,
628,458.1954041,628,391.8187866,628,0,
629,482.1745605,629,400.1082153,629,0,
630,458.8929749,630,408.2094116,630,0,
631,476.6066284,631,399.2070618,631,0,
632,477.3127747,632,396.788269,632,0,
633,562.059082,633,405.268219,633,154.0077515,
634,531.8239746,634,377.4070129,634,0,
635,519.2966919,635,400.0376282,635,0,
636,516.0859375,636,405.877655,636,0,
637,489.0657959,637,383.1364136,637,0,
638,469.425415,638,405.0258789,638,0,
639,584.7805786,639,396.5223999,639,298.2261047,
640,838.2387085,640,448.3858643,640,817.3070068,
641,1134.943604,641,444.4400635,641,474.9353027,
642,1051.843994,642,441.8399658,642,0,
643,976.9217529,643,440.0729065,643,0,
644,848.2405396,644,443.8588257,644,0,
645,878.831665,645,434.4305725,645,0,
646,824.8244629,646,454.9223022,646,0,
647,778.1412964,647,459.7482605,647,0,
648,724.02771,648,427.2423096,648,0,
649,713.3959961,649,424.3082275,649,0,
650,684.7954712,650,422.9646912,650,0,
651,618.7285767,651,416.5153198,651,0,
652,632.0122681,652,426.7881775,652,0,
653,580.5193481,653,414.7435303,653,0,
654,562.3684692,654,441.317627,654,0,
655,565.1960449,655,423.9434814,655,0,
656,564.8771973,656,452.2328796,656,0,
657,540.4057617,657,409.5035095,657,0,
658,586.0011597,658,437.625824,658,0,
659,560.902832,659,427.6116943,659,0,
660,531.3262329,660,427.9388123,660,0,
661,517.8071899,661,422.5364685,661,0,
662,517.4660645,662,400.6164246,662,0,
663,498.8859863,663,408.48703,663,0,
664,490.882782,664,408.3905334,664,0,
665,474.5926514,665,421.6705933,665,0,
666,514.6317139,666,410.3223267,666,0,
667,471.1897583,667,425.7788086,667,0,
668,469.9519348,668,427.0046692,668,0,
669,462.0631409,669,403.7670288,669,0,
670,453.5849609,670,408.9035645,670,0,
671,440.8736877,671,393.6352844,671,0,
672,448.2759399,672,399.8729553,672,0,
673,448.0623474,673,413.5105286,673,0,
674,462.8466492,674,395.7976379,674,0,
675,446.4321289,675,409.9364014,675,0,
676,457.5534363,676,412.7576599,676,0,
677,454.9530945,677,402.049408,677,0,
678,430.9503784,678,405.3034973,678,0,
679,437.2296753,679,384.6494141,679,0,
680,405.0232544,680,387.2094116,680,0,
681,442.3218384,681,389.5764465,681,0,
682,439.0534058,682,382.8893738,682,0,
683,472.3254089,683,433.0424194,683,0,
684,478.4041138,684,404.536499,684,0,
685,435.8875732,685,402.5576477,685,0,
686,468.7792358,686,401.1435242,686,0,
687,438.9803772,687,410.6376343,687,0,
688,489.0330811,688,408.3199463,688,0,
689,492.9737244,689,392.4282227,689,0,
690,483.7349243,690,426.8893738,690,0,
691,475.3830872,691,392.9434509,691,0,
692,441.9884033,692,410.4422913,692,0,
693,443.1372681,693,405.8682251,693,0,
694,463.8988953,694,408.9176331,694,0,
695,428.2180786,695,398.4423523,695,0,
696,441.0095825,696,417.8117981,696,0,
697,434.4101868,697,402.1811523,697,0,
698,438.0152893,698,374.8093567,698,0,
699,432.5856323,699,381.8635254,699,0,
700,436.1901855,700,416.0635376,700,0,
701,436.0891724,701,414.5764465,701,0,
702,515.7704468,702,435.8234863,702,118.0459824,
703,656.6044922,703,441.2658997,703,170.0355835,
704,626.6780396,704,411.9576111,704,0,
705,566.8798218,705,403.0776062,705,0,
706,532.0728149,706,404.8799133,706,0,
707,490.7041016,707,404.1435242,707,0,
708,472.7019043,708,381.3999939,708,0,
709,424.3249207,709,401.8305664,709,0,
710,487.8381653,710,410.6494141,710,0,
711,467.9994812,711,396.682373,711,0,
712,438.9833374,712,393.1976624,712,0,
713,445.406311,713,414.9012146,713,0,
714,434.3343506,714,394.0376282,714,0,
715,455.9576111,715,409.8564758,715,0,
716,518.6970215,716,412.6752319,716,89.40869904,
717,533.8013916,717,405.7999878,717,71.05667114,
718,509.8385925,718,391.1764526,718,0,
719,662.0009766,719,428.2141418,719,456.4006348,
720,828.7119751,720,423.3387756,720,339.4360046,
721,786.9527588,721,427.715271,721,0,
722,692.6507568,722,405.7835388,722,0,
723,656.6072388,723,418.056488,723,0,
724,636.9330444,724,387.8305054,724,0,
725,613.8237915,725,400.430603,725,0,
726,557.1934814,726,389.4635315,726,0,
727,555.1871338,727,411.8681946,727,0,
728,610.0181274,728,426.0494385,728,0,
729,605.8679199,729,426.9223328,729,0,
730,694.6026001,730,441.0117493,730,136.0748596,
731,634.9212646,731,427.8729553,731,0,
732,667.3084717,732,430.5317993,732,0,
733,596.2370605,733,394.3999939,733,0,
734,554.2948608,734,404.9082031,734,0,
735,549.6444092,735,406.7364197,735,0,
736,539.3282471,736,410.9765015,736,0,
737,513.1763306,737,378.6000061,737,0,
738,537.5036011,738,376.4352722,738,0,
739,529.5909424,739,399.5081787,739,0,
740,522.8862305,740,405.7835083,740,0,
741,577.946106,741,417.3787842,741,114.9117737,
742,564.0767822,742,416.6587524,742,0,
743,561.1318359,743,405.9670715,743,0,
744,553.956604,744,429.2776489,744,0,
745,539.7543945,745,411.3317566,745,0,
746,575.0606689,746,407.6965027,746,144.9922791,
747,653.8580933,747,424.8258667,747,36.26060104,
748,668.6913452,748,432.4164734,748,0,
749,647.1643066,749,428.0023499,749,0,
750,603.5274658,750,430.0964661,750,0,
751,582.7719116,751,433.3788147,751,0,
752,553.7504883,752,422.8117676,752,0,
753,511.8325195,753,413.1811523,753,0,
754,505.0350647,754,415.4893799,754,0,
755,502.7494202,755,412.6776733,755,0,
756,518.7546387,756,413.8588562,756,0,
757,515.7492676,757,417.0400085,757,0,
758,508.8015747,758,424.8188171,758,0,
759,492.9663391,759,426.1435547,759,0,
760,516.8099365,760,445.0399475,760,0,
761,492.9729004,761,457.5270996,761,0,
762,461.1137695,762,457.152832,762,0,
763,490.7761536,763,441.1199951,763,0,
764,457.3965149,764,433.6729736,764,0,
765,459.88974,765,413.1505432,765,0,
766,470.6145935,766,429.5670166,766,0,
767,452.5643616,767,422.7105713,767,0,
768,453.4595947,768,430.0141296,768,0,
769,458.5056763,769,413.1270752,769,0,
770,455.0934753,770,452.4658813,770,0,
771,468.9775696,771,421.3128967,771,0,
772,473.4842529,772,437.9317627,772,0,
773,469.1005859,773,461.1646729,773,0,
774,470.2407227,774,453.877594,774,0,
775,482.6908569,775,478.4706421,775,0,
776,486.2324524,776,438.7246399,776,0,
777,464.2587585,777,440.1082458,777,0,
778,441.8494568,778,433.8070679,778,0,
779,475.5422058,779,455.5952454,779,0,
780,462.7473145,780,455.5364075,780,0,
781,477.0301208,781,454.4305115,781,0,
782,480.7349243,782,452.2846985,782,0,
783,440.098114,783,452.3176575,783,0,
784,472.0941467,784,442.5905457,784,0,
785,479.2574158,785,448.8681641,785,0,
786,458.7963867,786,444.9483032,786,0,
787,453.3641052,787,416.1012268,787,0,
788,429.3079529,788,430.8611755,788,0,
789,453.5598145,789,432.4918213,789,0,
790,445.5431824,790,421.5976257,790,0,
791,456.2491455,791,435.3364868,791,0,
792,457.6246948,792,444.5176392,792,0,
793,465.130249,793,475.0917358,793,0,
794,476.4435425,794,442.7529602,794,0,
795,468.5404358,795,482.8094482,795,0,
796,435.0302734,796,454.0751648,796,0,
797,441.1633606,797,446.4541321,797,0,
798,469.1416321,798,418.8447571,798,1.107137799,
799,464.5468445,799,444.414093,799,0,
800,460.6694031,800,450.3082275,800,0,
801,446.0536194,801,443.7175903,801,0,
802,430.1243286,802,441.1694336,802,0,
803,450.5936584,803,439.4517822,803,0,
804,475.7244873,804,435.5411682,804,0,
805,443.7346497,805,449.9882507,805,0,
806,451.4168396,806,414.1741333,806,0,
807,419.2069397,807,426.1765137,807,0,
808,434.0795898,808,437.2141418,808,0,
809,454.3939819,809,447.8776245,809,0,
810,490.5136414,810,434.112915,810,0,
811,435.2739258,811,423.0352478,811,0,
812,429.3339233,812,420.8823242,812,0,
813,432.2423401,813,411.1528625,813,0,
814,430.8811035,814,415.9999695,814,0,
815,436.5835571,815,424.9623413,815,0,
816,410.1175537,816,415.0022888,816,0,
817,409.1410217,817,397.9505615,817,0,
818,413.5326233,818,426.844696,818,0,
819,439.9121399,819,413.6494446,819,0,
820,440.0018616,820,428.4988098,820,0,
821,405.476532,821,437.9740601,821,0,
822,394.2547302,822,428.9764709,822,0,
823,415.8201294,823,427.5058594,823,0,
824,407.905365,824,411.1505737,824,0,
825,424.1180725,825,439.7976379,825,0,
826,422.9301453,826,433.0281982,826,0,
827,433.9866943,827,395.9740906,827,15.13924026,
828,438.9359436,828,416.2399902,828,0,
829,433.8017273,829,404.5434875,829,0,
830,415.3248901,830,377.9764404,830,0,
831,404.4421997,831,423.781189,831,0,
832,398.8352051,832,408.0023499,832,0,
833,389.0158997,833,404.4893799,833,0,
834,394.3820801,834,401.7858887,834,0,
835,433.8242188,835,402.1458435,835,16.66444397,
836,433.9310913,836,385.6141357,836,0,
837,430.4710693,837,423.1435242,837,0,
838,414.1772156,838,419.2776184,838,0,
839,422.6855774,839,414.3388062,839,0,
840,432.9897461,840,428.1199951,840,0,
841,417.9823608,841,427.6823425,841,0,
842,408.6062927,842,406.7717896,842,0,
843,408.3857727,843,403.1129456,843,0,
844,423.0036011,844,413.8164368,844,0,
845,419.3235779,845,400.781189,845,0,
846,405.5354919,846,400.5435181,846,0,
847,434.6459656,847,389.1669617,847,0,
848,391.4284973,848,394.2776489,848,0,
849,403.854126,849,397.1129456,849,0,
850,431.4533691,850,419.901123,850,0,
851,429.0703125,851,407.9529419,851,0,
852,386.3847656,852,409.1646423,852,0,
853,442.6249695,853,401.0870667,853,28.25489807,
854,436.9134216,854,398.3881836,854,0,
855,422.5095825,855,398.7058716,855,0,
856,434.6143188,856,427.861145,856,0,
857,389.6985474,857,433.5952454,857,0,
858,438.4587097,858,416.5458679,858,0,
859,415.6895752,859,421.178772,859,0,
860,435.1685181,860,402.8540955,860,0,
861,429.6385803,861,387.9152527,861,0,
862,418.1272278,862,407.4963989,862,0,
863,441.3883362,863,420.3435669,863,0,
864,434.3218994,864,421.910553,864,0,
865,422.138916,865,406.4234314,865,0,
866,438.7065125,866,422.7741089,866,0,
867,403.4046021,867,421.9458313,867,0,
868,401.7671814,868,440.3035583,868,0,
869,437.08255,869,422.9129333,869,0,
870,454.913147,870,441.658783,870,0,
871,445.2249451,871,445.2988281,871,0,
872,427.5978394,872,430.50354,872,0,
873,406.3082886,873,419.6940918,873,0,
874,426.6933594,874,422.755249,874,0,
875,401.5748901,875,413.9529419,875,0,
876,397.2782898,876,390.9717712,876,0,
877,424.1867676,877,416.7388306,877,0,
878,417.6567993,878,416.0987549,878,0,
879,405.3057861,879,414.3293457,879,0,
880,383.8097839,880,396.9105225,880,0,
881,388.5153503,881,407.2305908,881,0,
882,420.9146729,882,398.2729492,882,2.416634321,
883,432.1704712,883,423.3058777,883,0,
884,419.321228,884,422.8094177,884,0,
885,412.1282043,885,424.3035583,885,0,
886,407.7366028,886,403.7952576,886,0,
887,430.7315369,887,411.950592,887,13.78301144,
888,398.7059326,888,395.7223206,888,0,
889,429.0262146,889,405.2564697,889,18.51594162,
890,451.5963135,890,406.7012024,890,0,
891,456.4956665,891,452.8400574,891,0,
892,434.5055237,892,447.47995,892,0,
893,436.8035583,893,435.3952942,893,0,
894,402.0217896,894,430.7623291,894,0,
895,426.1596985,895,407.6941223,895,0,
896,408.5089722,896,404.7223511,896,0,
897,441.8520508,897,423.6634827,897,0,
898,396.3581543,898,388.0187988,898,0,
899,412.7971802,899,407.2799683,899,0,
900,383.9416199,900,371.7293701,900,0,
901,414.7194824,901,377.3505859,901,14.49815941,
902,397.0553284,902,397.4799805,902,0,
903,420.234375,903,395.1340942,903,4.831387997,
904,410.6971436,904,390.50354,904,0,
905,401.4625244,905,387.5976868,905,0,
906,407.0632629,906,398.072937,906,0,
907,408.9452515,907,374.6282043,907,0,
908,425.3845825,908,388.1412048,908,0,
909,399.5858765,909,374.0776367,909,0,
910,397.2209473,910,394.4682312,910,0,
911,390.0162354,911,390.7788391,911,0,
912,391.7271729,912,383.4776611,912,0,
913,405.4656982,913,414.8235168,913,0,
914,421.9352722,914,398.2258301,914,37.52032089,
915,430.2512207,915,404.9411621,915,0,
916,433.2707825,916,399.8611755,916,0,
917,413.3796997,917,393.5152588,917,0,
918,396.4946899,918,403.6705627,918,0,
919,412.170166,919,378.9247131,919,34.38627243,
920,446.3124084,920,381.7576294,920,14.03011227,
921,403.5884705,921,384.3341064,921,0,
922,409.9637146,922,386.9599609,922,0,
923,413.9881897,923,388.8635254,923,0,
924,409.968689,924,394.7247009,924,0,
925,413.0758972,925,378.6800232,925,18.41933441,
926,415.473114,926,370.7647095,926,33.73647308,
927,436.5985413,927,388.8117371,927,2.648904324,
928,408.6922302,928,380.3646851,928,0,
929,428.2590637,929,382.3999634,929,17.24841309,
930,441.2225342,930,385.1434937,930,0,
931,400.5791931,931,371.5247192,931,0,
932,426.4189148,932,381.7200012,932,0,
933,411.1958313,933,371.5223694,933,0,
934,430.3718567,934,407.5858154,934,0,
935,433.372406,935,400.7293701,935,0,
936,435.809906,936,374.7646484,936,0,
937,405.4895935,937,393.3129578,937,0,
938,407.6277771,938,384.8540955,938,0,
939,430.0555115,939,390.291748,939,0,
940,399.493042,940,396.6117859,940,0,
941,402.0360718,941,412.4800415,941,0,
942,381.557251,942,402.023468,942,0,
943,397.3495483,943,380.9176331,943,0,
944,409.4871521,944,383.592926,944,13.40745258,
945,419.8483887,945,390.675293,945,1.158410192,
946,414.1311646,946,401.5740967,946,0,
947,451.9368591,947,394.6258545,947,131.5686035,
948,484.8684692,948,402.7152405,948,0,
949,446.02948,949,385.3388672,949,0,
950,433.4517517,950,401.3788452,950,0,
951,427.2749329,951,394.6235352,951,0,
952,419.721344,952,397.7341003,952,0,
953,433.85495,953,386.5741272,953,0,
954,440.7092285,954,371.3576355,954,0,
955,418.7991638,955,397.268219,955,0,
956,433.2661438,956,407.8728638,956,0,
957,399.8004456,957,382.195282,957,0,
958,435.6881409,958,386.1364746,958,0,
959,413.0638733,959,373.8305359,959,0,
960,396.5205078,960,390.715332,960,0,
961,426.0288696,961,399.6117859,961,1.952787638,
962,418.8841248,962,357.2799988,962,0,
963,433.6678467,963,394.576416,963,0,
964,418.581665,964,387.4964905,964,0,
965,386.1818848,965,378.4776611,965,0,
966,389.7549133,966,407.0941162,966,0,
967,426.8736877,967,387.1717224,967,30.95392227,
968,419.4810486,968,402.1246643,968,0,
969,430.7214355,969,404.1529541,969,9.408742905,
970,441.2803955,970,374.7341003,970,63.95860291,
971,434.0812378,971,377.4611511,971,0,
972,423.191864,972,403.74823,972,0,
973,435.7550354,973,365.3882141,973,0,
974,433.9550171,974,375.5670471,974,0,
975,395.7324219,975,401.3482361,975,0,
976,417.694519,976,374.5058899,976,0,
977,433.1851501,977,407.0187683,977,0,
978,421.4029541,978,407.1247253,978,0,
979,419.2854004,979,402.3294067,979,0,
980,518.8557129,980,415.7576599,980,297.1742249,
981,542.366333,981,410.870636,981,121.9806595,
982,871.8856812,982,441.6847229,982,661.5993042,
983,860.1761475,983,418.0800171,983,0,
984,731.1080933,984,422.4258118,984,0,
985,684.572998,985,421.8917542,985,0,
986,590.8145142,986,415.9199829,986,0,
987,556.4176025,987,412.0494385,987,0,
988,533.9456177,988,392.8446655,988,0,
989,540.9313354,989,392.7905579,989,0,
990,526.6594238,990,398.9458923,990,0,
991,475.6216125,991,387.8588257,991,0,
992,507.513031,992,381.1223145,992,0,
993,488.6257935,993,403.089386,993,0,
994,469.9049377,994,417.5834961,994,0,
995,485.7223511,995,390.7388,995,0,
996,498.0482483,996,390.844696,996,0,
997,510.7220764,997,398.1035461,997,0,
998,509.3939209,998,407.0188293,998,0,
999,487.1565552,999,389.4564819,999,0,
